<?xml version="1.0" encoding="UTF-8"?>
<GenRun Id="davisZynqBasicBoard_davisZynqJTAG_0_0_synth_1" LaunchPart="xc7z045ffg900-1" LaunchTime="1565114283">
  <File Type="PA-TCL" Name="davisZynqBasicBoard_davisZynqJTAG_0_0.tcl"/>
  <File Type="REPORTS-TCL" Name="davisZynqBasicBoard_davisZynqJTAG_0_0_reports.tcl"/>
  <File Type="RDS-RDS" Name="davisZynqBasicBoard_davisZynqJTAG_0_0.vds"/>
  <File Type="RDS-UTIL" Name="davisZynqBasicBoard_davisZynqJTAG_0_0_utilization_synth.rpt"/>
  <File Type="RDS-UTIL-PB" Name="davisZynqBasicBoard_davisZynqJTAG_0_0_utilization_synth.pb"/>
  <File Type="RDS-DCP" Name="davisZynqBasicBoard_davisZynqJTAG_0_0.dcp"/>
  <FileSet Name="sources" Type="BlockSrcs" RelSrcDir="$PSRCDIR/davisZynqBasicBoard_davisZynqJTAG_0_0">
    <File Path="$PSRCDIR/sources_1/bd/davisZynqBasicBoard/ip/davisZynqBasicBoard_davisZynqJTAG_0_0/davisZynqBasicBoard_davisZynqJTAG_0_0.xci">
      <FileInfo>
        <Attr Name="Library" Val="xil_defaultlib"/>
        <Attr Name="ImportPath" Val="$PPRDIR/../../../PhD_project/vivado_prjs/davisZynq/davisZynq_Basic_System/davisZynq_Basic_System.srcs/sources_1/bd/davisZynqBasicBoard/ip/davisZynqBasicBoard_davisZynqJTAG_0_0/davisZynqBasicBoard_davisZynqJTAG_0_0.xci"/>
        <Attr Name="ImportTime" Val="1565031325"/>
        <Attr Name="UsedIn" Val="synthesis"/>
        <Attr Name="UsedIn" Val="implementation"/>
        <Attr Name="UsedIn" Val="simulation"/>
        <Attr Name="ProcessingOrder" Val="EARLY"/>
      </FileInfo>
    </File>
    <Config>
      <Option Name="TopModule" Val="davisZynqBasicBoard_davisZynqJTAG_0_0"/>
      <Option Name="UseBlackboxStub" Val="1"/>
    </Config>
  </FileSet>
  <FileSet Name="constrs_in" Type="BlockSrcs" RelSrcDir="$PSRCDIR/davisZynqBasicBoard_davisZynqJTAG_0_0">
    <File Path="$PSRCDIR/sources_1/bd/davisZynqBasicBoard/ip/davisZynqBasicBoard_davisZynqJTAG_0_0/davisZynqBasicBoard_davisZynqJTAG_0_0.xci">
      <FileInfo>
        <Attr Name="Library" Val="xil_defaultlib"/>
        <Attr Name="ImportPath" Val="$PPRDIR/../../../PhD_project/vivado_prjs/davisZynq/davisZynq_Basic_System/davisZynq_Basic_System.srcs/sources_1/bd/davisZynqBasicBoard/ip/davisZynqBasicBoard_davisZynqJTAG_0_0/davisZynqBasicBoard_davisZynqJTAG_0_0.xci"/>
        <Attr Name="ImportTime" Val="1565031325"/>
        <Attr Name="UsedIn" Val="synthesis"/>
        <Attr Name="UsedIn" Val="implementation"/>
        <Attr Name="UsedIn" Val="simulation"/>
        <Attr Name="ProcessingOrder" Val="EARLY"/>
      </FileInfo>
    </File>
    <Config>
      <Option Name="TopModule" Val="davisZynqBasicBoard_davisZynqJTAG_0_0"/>
      <Option Name="UseBlackboxStub" Val="1"/>
    </Config>
  </FileSet>
  <Strategy Version="1" Minor="2">
    <StratHandle Name="Vivado Synthesis Defaults" Flow="Vivado Synthesis 2018"/>
    <Step Id="synth_design"/>
  </Strategy>
</GenRun>
