<?xml version="1.0" encoding="UTF-8"?>
<GenRun Id="synth_1" LaunchPart="xc7z045ffg900-1" LaunchTime="1566982211">
  <File Type="PA-TCL" Name="davisZynqBasicBoard_wrapper.tcl"/>
  <File Type="REPORTS-TCL" Name="davisZynqBasicBoard_wrapper_reports.tcl"/>
  <File Type="RDS-RDS" Name="davisZynqBasicBoard_wrapper.vds"/>
  <File Type="RDS-UTIL" Name="davisZynqBasicBoard_wrapper_utilization_synth.rpt"/>
  <File Type="RDS-UTIL-PB" Name="davisZynqBasicBoard_wrapper_utilization_synth.pb"/>
  <File Type="RDS-DCP" Name="davisZynqBasicBoard_wrapper.dcp"/>
  <FileSet Name="sources" Type="DesignSrcs" RelSrcDir="$PSRCDIR/sources_1">
    <Filter Type="Srcs"/>
    <File Path="$PSRCDIR/sources_1/new/davisZynqJTAG.v">
      <FileInfo>
        <Attr Name="ImportPath" Val="$PPRDIR/../../../PhD_project/vivado_prjs/davisZynq/davisZynq_Basic_System/davisZynq_Basic_System.srcs/sources_1/new/davisZynqJTAG.v"/>
        <Attr Name="ImportTime" Val="1565031320"/>
        <Attr Name="UsedIn" Val="synthesis"/>
        <Attr Name="UsedIn" Val="implementation"/>
        <Attr Name="UsedIn" Val="simulation"/>
      </FileInfo>
    </File>
    <File Path="$PSRCDIR/sources_1/new/LEDShifter.v">
      <FileInfo>
        <Attr Name="ImportPath" Val="$PPRDIR/../../../PhD_project/vivado_prjs/davisZynq/davisZynq_Basic_System/davisZynq_Basic_System.srcs/sources_1/new/LEDShifter.v"/>
        <Attr Name="ImportTime" Val="1565087247"/>
        <Attr Name="UsedIn" Val="synthesis"/>
        <Attr Name="UsedIn" Val="implementation"/>
        <Attr Name="UsedIn" Val="simulation"/>
      </FileInfo>
    </File>
    <File Path="$PSRCDIR/sources_1/bd/davisZynqBasicBoard/davisZynqBasicBoard.bd">
      <FileInfo>
        <Attr Name="ImportPath" Val="$PPRDIR/../../../PhD_project/vivado_prjs/davisZynq/davisZynq_Basic_System/davisZynq_Basic_System.srcs/sources_1/bd/davisZynqBasicBoard/davisZynqBasicBoard.bd"/>
        <Attr Name="ImportTime" Val="1566982190"/>
        <Attr Name="UsedIn" Val="synthesis"/>
        <Attr Name="UsedIn" Val="implementation"/>
        <Attr Name="UsedIn" Val="simulation"/>
      </FileInfo>
    </File>
    <File Path="$PSRCDIR/sources_1/bd/davisZynqBasicBoard/hdl/davisZynqBasicBoard_wrapper.v">
      <FileInfo>
        <Attr Name="ImportPath" Val="$PPRDIR/../../../PhD_project/vivado_prjs/davisZynq/davisZynq_Basic_System/davisZynq_Basic_System.srcs/sources_1/bd/davisZynqBasicBoard/hdl/davisZynqBasicBoard_wrapper.v"/>
        <Attr Name="ImportTime" Val="1566982190"/>
        <Attr Name="UsedIn" Val="synthesis"/>
        <Attr Name="UsedIn" Val="implementation"/>
        <Attr Name="UsedIn" Val="simulation"/>
      </FileInfo>
    </File>
    <Config>
      <Option Name="DesignMode" Val="RTL"/>
      <Option Name="TopModule" Val="davisZynqBasicBoard_wrapper"/>
      <Option Name="TopAutoSet" Val="TRUE"/>
    </Config>
  </FileSet>
  <FileSet Name="constrs_in" Type="Constrs" RelSrcDir="$PSRCDIR/constrs_1">
    <Filter Type="Constrs"/>
    <File Path="$PSRCDIR/constrs_1/new/io.xdc">
      <FileInfo>
        <Attr Name="ImportPath" Val="$PPRDIR/../../../PhD_project/vivado_prjs/davisZynq/davisZynq_Basic_System/davisZynq_Basic_System.srcs/constrs_1/new/io.xdc"/>
        <Attr Name="ImportTime" Val="1565184258"/>
        <Attr Name="UsedIn" Val="synthesis"/>
        <Attr Name="UsedIn" Val="implementation"/>
      </FileInfo>
    </File>
    <Config>
      <Option Name="TargetConstrsFile" Val="$PSRCDIR/constrs_1/new/io.xdc"/>
      <Option Name="ConstrsType" Val="XDC"/>
    </Config>
  </FileSet>
  <Strategy Version="1" Minor="2">
    <StratHandle Name="Vivado Synthesis Defaults" Flow="Vivado Synthesis 2018"/>
    <Step Id="synth_design"/>
  </Strategy>
  <BlockFileSet Type="BlockSrcs" Name="davisZynqBasicBoard_davisZynqJTAG_0_0"/>
  <BlockFileSet Type="BlockSrcs" Name="davisZynqBasicBoard_LEDShifter_0_0"/>
  <BlockFileSet Type="BlockSrcs" Name="davisZynqBasicBoard_processing_system7_0_0"/>
</GenRun>
