<?xml version="1.0" encoding="UTF-8"?>
<GenRun Id="impl_1" LaunchPart="xc7z045ffg900-1" LaunchTime="1566982215">
  <File Type="ROUTE-PWR" Name="davisZynqBasicBoard_wrapper_power_routed.rpt"/>
  <File Type="PA-TCL" Name="davisZynqBasicBoard_wrapper.tcl"/>
  <File Type="PWROPT-DCP" Name="davisZynqBasicBoard_wrapper_pwropt.dcp"/>
  <File Type="ROUTE-PWR-SUM" Name="davisZynqBasicBoard_wrapper_power_summary_routed.pb"/>
  <File Type="REPORTS-TCL" Name="davisZynqBasicBoard_wrapper_reports.tcl"/>
  <File Type="BG-DRC" Name="davisZynqBasicBoard_wrapper.drc"/>
  <File Type="OPT-HWDEF" Name="davisZynqBasicBoard_wrapper.hwdef"/>
  <File Type="OPT-DCP" Name="davisZynqBasicBoard_wrapper_opt.dcp"/>
  <File Type="OPT-DRC" Name="davisZynqBasicBoard_wrapper_drc_opted.rpt"/>
  <File Type="PLACE-DCP" Name="davisZynqBasicBoard_wrapper_placed.dcp"/>
  <File Type="PLACE-IO" Name="davisZynqBasicBoard_wrapper_io_placed.rpt"/>
  <File Type="PLACE-UTIL" Name="davisZynqBasicBoard_wrapper_utilization_placed.rpt"/>
  <File Type="PLACE-UTIL-PB" Name="davisZynqBasicBoard_wrapper_utilization_placed.pb"/>
  <File Type="PLACE-CTRL" Name="davisZynqBasicBoard_wrapper_control_sets_placed.rpt"/>
  <File Type="PLACE-PRE-SIMILARITY" Name="davisZynqBasicBoard_wrapper_incremental_reuse_pre_placed.rpt"/>
  <File Type="POSTPLACE-PWROPT-DCP" Name="davisZynqBasicBoard_wrapper_postplace_pwropt.dcp"/>
  <File Type="PHYSOPT-DCP" Name="davisZynqBasicBoard_wrapper_physopt.dcp"/>
  <File Type="BG-BIT" Name="davisZynqBasicBoard_wrapper.bit"/>
  <File Type="ROUTE-ERROR-DCP" Name="davisZynqBasicBoard_wrapper_routed_error.dcp"/>
  <File Type="ROUTE-DCP" Name="davisZynqBasicBoard_wrapper_routed.dcp"/>
  <File Type="ROUTE-BLACKBOX-DCP" Name="davisZynqBasicBoard_wrapper_routed_bb.dcp"/>
  <File Type="ROUTE-DRC" Name="davisZynqBasicBoard_wrapper_drc_routed.rpt"/>
  <File Type="ROUTE-DRC-PB" Name="davisZynqBasicBoard_wrapper_drc_routed.pb"/>
  <File Type="ROUTE-DRC-RPX" Name="davisZynqBasicBoard_wrapper_drc_routed.rpx"/>
  <File Type="BITSTR-MSK" Name="davisZynqBasicBoard_wrapper.msk"/>
  <File Type="ROUTE-METHODOLOGY-DRC" Name="davisZynqBasicBoard_wrapper_methodology_drc_routed.rpt"/>
  <File Type="BG-BGN" Name="davisZynqBasicBoard_wrapper.bgn"/>
  <File Type="ROUTE-METHODOLOGY-DRC-RPX" Name="davisZynqBasicBoard_wrapper_methodology_drc_routed.rpx"/>
  <File Type="BITSTR-RBT" Name="davisZynqBasicBoard_wrapper.rbt"/>
  <File Type="ROUTE-METHODOLOGY-DRC-PB" Name="davisZynqBasicBoard_wrapper_methodology_drc_routed.pb"/>
  <File Type="BG-BIN" Name="davisZynqBasicBoard_wrapper.bin"/>
  <File Type="ROUTE-PWR-RPX" Name="davisZynqBasicBoard_wrapper_power_routed.rpx"/>
  <File Type="ROUTE-STATUS" Name="davisZynqBasicBoard_wrapper_route_status.rpt"/>
  <File Type="ROUTE-STATUS-PB" Name="davisZynqBasicBoard_wrapper_route_status.pb"/>
  <File Type="ROUTE-TIMINGSUMMARY" Name="davisZynqBasicBoard_wrapper_timing_summary_routed.rpt"/>
  <File Type="ROUTE-TIMING-PB" Name="davisZynqBasicBoard_wrapper_timing_summary_routed.pb"/>
  <File Type="ROUTE-TIMING-RPX" Name="davisZynqBasicBoard_wrapper_timing_summary_routed.rpx"/>
  <File Type="ROUTE-CLK" Name="davisZynqBasicBoard_wrapper_clock_utilization_routed.rpt"/>
  <File Type="RDI-RDI" Name="davisZynqBasicBoard_wrapper.vdi"/>
  <File Type="POSTROUTE-PHYSOPT-DCP" Name="davisZynqBasicBoard_wrapper_postroute_physopt.dcp"/>
  <File Type="POSTROUTE-PHYSOPT-BLACKBOX-DCP" Name="davisZynqBasicBoard_wrapper_postroute_physopt_bb.dcp"/>
  <File Type="BITSTR-NKY" Name="davisZynqBasicBoard_wrapper.nky"/>
  <File Type="BITSTR-BMM" Name="davisZynqBasicBoard_wrapper_bd.bmm"/>
  <File Type="BITSTR-MMI" Name="davisZynqBasicBoard_wrapper.mmi"/>
  <File Type="BITSTR-LTX" Name="davisZynqBasicBoard_wrapper.ltx"/>
  <File Type="BITSTR-SYSDEF" Name="davisZynqBasicBoard_wrapper.sysdef"/>
  <File Type="WBT-USG" Name="usage_statistics_webtalk.html"/>
  <FileSet Name="sources" Type="DesignSrcs" RelSrcDir="$PSRCDIR/sources_1">
    <Filter Type="Srcs"/>
    <File Path="$PSRCDIR/sources_1/new/davisZynqJTAG.v">
      <FileInfo>
        <Attr Name="ImportPath" Val="$PPRDIR/../../../PhD_project/vivado_prjs/davisZynq/davisZynq_Basic_System/davisZynq_Basic_System.srcs/sources_1/new/davisZynqJTAG.v"/>
        <Attr Name="ImportTime" Val="1565031320"/>
        <Attr Name="UsedIn" Val="synthesis"/>
        <Attr Name="UsedIn" Val="implementation"/>
        <Attr Name="UsedIn" Val="simulation"/>
      </FileInfo>
    </File>
    <File Path="$PSRCDIR/sources_1/new/LEDShifter.v">
      <FileInfo>
        <Attr Name="ImportPath" Val="$PPRDIR/../../../PhD_project/vivado_prjs/davisZynq/davisZynq_Basic_System/davisZynq_Basic_System.srcs/sources_1/new/LEDShifter.v"/>
        <Attr Name="ImportTime" Val="1565087247"/>
        <Attr Name="UsedIn" Val="synthesis"/>
        <Attr Name="UsedIn" Val="implementation"/>
        <Attr Name="UsedIn" Val="simulation"/>
      </FileInfo>
    </File>
    <File Path="$PSRCDIR/sources_1/bd/davisZynqBasicBoard/davisZynqBasicBoard.bd">
      <FileInfo>
        <Attr Name="ImportPath" Val="$PPRDIR/../../../PhD_project/vivado_prjs/davisZynq/davisZynq_Basic_System/davisZynq_Basic_System.srcs/sources_1/bd/davisZynqBasicBoard/davisZynqBasicBoard.bd"/>
        <Attr Name="ImportTime" Val="1566982190"/>
        <Attr Name="UsedIn" Val="synthesis"/>
        <Attr Name="UsedIn" Val="implementation"/>
        <Attr Name="UsedIn" Val="simulation"/>
      </FileInfo>
    </File>
    <File Path="$PSRCDIR/sources_1/bd/davisZynqBasicBoard/hdl/davisZynqBasicBoard_wrapper.v">
      <FileInfo>
        <Attr Name="ImportPath" Val="$PPRDIR/../../../PhD_project/vivado_prjs/davisZynq/davisZynq_Basic_System/davisZynq_Basic_System.srcs/sources_1/bd/davisZynqBasicBoard/hdl/davisZynqBasicBoard_wrapper.v"/>
        <Attr Name="ImportTime" Val="1566982190"/>
        <Attr Name="UsedIn" Val="synthesis"/>
        <Attr Name="UsedIn" Val="implementation"/>
        <Attr Name="UsedIn" Val="simulation"/>
      </FileInfo>
    </File>
    <Config>
      <Option Name="DesignMode" Val="RTL"/>
      <Option Name="TopModule" Val="davisZynqBasicBoard_wrapper"/>
      <Option Name="TopAutoSet" Val="TRUE"/>
    </Config>
  </FileSet>
  <FileSet Name="constrs_in" Type="Constrs" RelSrcDir="$PSRCDIR/constrs_1">
    <Filter Type="Constrs"/>
    <File Path="$PSRCDIR/constrs_1/new/io.xdc">
      <FileInfo>
        <Attr Name="ImportPath" Val="$PPRDIR/../../../PhD_project/vivado_prjs/davisZynq/davisZynq_Basic_System/davisZynq_Basic_System.srcs/constrs_1/new/io.xdc"/>
        <Attr Name="ImportTime" Val="1565184258"/>
        <Attr Name="UsedIn" Val="synthesis"/>
        <Attr Name="UsedIn" Val="implementation"/>
      </FileInfo>
    </File>
    <Config>
      <Option Name="TargetConstrsFile" Val="$PSRCDIR/constrs_1/new/io.xdc"/>
      <Option Name="ConstrsType" Val="XDC"/>
    </Config>
  </FileSet>
  <Strategy Version="1" Minor="2">
    <StratHandle Name="Vivado Implementation Defaults" Flow="Vivado Implementation 2018"/>
    <Step Id="init_design"/>
    <Step Id="opt_design"/>
    <Step Id="power_opt_design"/>
    <Step Id="place_design"/>
    <Step Id="post_place_power_opt_design"/>
    <Step Id="phys_opt_design"/>
    <Step Id="route_design"/>
    <Step Id="post_route_phys_opt_design"/>
    <Step Id="write_bitstream"/>
  </Strategy>
  <BlockFileSet Type="BlockSrcs" Name="davisZynqBasicBoard_davisZynqJTAG_0_0"/>
  <BlockFileSet Type="BlockSrcs" Name="davisZynqBasicBoard_LEDShifter_0_0"/>
  <BlockFileSet Type="BlockSrcs" Name="davisZynqBasicBoard_processing_system7_0_0"/>
</GenRun>
